int,str,float
0,izxqo,71.31612561565672
1,kmmqc,20.331266840268036
2,fmfgk,81.75040009350566
3,nccmg,19.390913435825684
4,koexs,41.547246773507915
5,mtbfs,82.26807053974419
6,zjppu,56.14560741550336
7,awoxj,13.849887573657549
8,nybbd,4.4901892587835395
9,gxbaq,55.776273892547366
10,oiwox,72.77194954915836
11,xubmj,46.77977810257151
12,nempd,94.33343626502835
13,ryvtf,81.77057217065885
14,lsiws,52.33480779459674
