int,str,float
0,tmvbi,6.112364073138199
1,kaccq,81.83462955711487
2,qypkt,0.18425693062600335
3,nmeqw,40.5751073356149
4,hcfcp,87.21933074204874
5,avnmz,80.73821097920867
6,snhwe,1.8165577543662548
7,ngmor,97.61563063736482
8,tgbkk,16.106888651186
9,dfjxd,73.87562502884505
10,spels,29.463248684084732
11,aprrt,28.93871748353164
12,pufna,21.777063650611606
13,dlaeh,64.2741440127178
14,wovqf,93.06808984855714
